{"Australia":30.6279722958,"United States of America":29.9077602326,"Russian Federation":28.5117701854,"Brazil":28.0397881456,"Ukraine":27.7557065266,"New Zealand":27.4620447046,"Lithuania":27.4418083618,"Estonia":27.4311534379,"United Arab Emirates":27.0020569908,"Latvia":26.6033068739,"Belarus":26.5037572423,"Iran (Islamic Republic of)":25.3695883289,"Chile":25.3337723122,"Cuba":25.1616262183}