{"France":4.7214076957,"Italy":4.3119138208,"Japan":4.1273860357,"Germany":4.0016750541,"Australia":3.9709283481,"Belgium":3.8610251232,"Denmark":3.6184947352,"United States of America":3.6108264733,"Portugal":3.572721475,"Sweden":3.5685183262,"Canada":3.5401681978,"Norway":3.432648948,"New Zealand":3.3752399584,"Spain":3.3045881796,"Finland":3.3031525575,"Barbados":3.2712189114,"United Kingdom":3.1193132651,"Netherlands":3.1133323409,"Austria":3.0982321849}
