{"China":{"Malignant neoplasms":1417.72301917,"Diabetes mellitus":5884.16559637,"Endocrine, blood, immune disorders":2103.86493722,"Mental and substance use disorders":28880.468982,"Neurological conditions":6840.1539408,"Sense organ diseases":12591.5925481,"Cardiovascular diseases":5943.94243064,"Respiratory diseases":4294.89281519,"Digestive diseases":2426.10677832,"Genitourinary diseases":4974.90149899,"Skin diseases":4455.99302946,"Musculoskeletal diseases":21919.2523181,"Congenital anomalies":1598.04689741,"Oral conditions":2763.33067831},"India":{"Malignant neoplasms":565.799786638,"Diabetes mellitus":4842.25928583,"Endocrine, blood, immune disorders":2599.72352743,"Mental and substance use disorders":26668.334208,"Neurological conditions":9258.99075575,"Sense organ diseases":15642.0918722,"Cardiovascular diseases":3189.47008153,"Respiratory diseases":6573.31797345,"Digestive diseases":2808.37528763,"Genitourinary diseases":4559.88236627,"Skin diseases":3676.32242812,"Musculoskeletal diseases":18626.1290091,"Congenital anomalies":1759.31586408,"Oral conditions":2656.29254314}}