{"China":{"Infectious and parasitic diseases":3421.96598304,"Respiratory Infectious ":934.829787112,"Maternal conditions":66.933864369,"Neonatal conditions":1466.98668822,"Nutritional deficiencies":5287.12697689},"India":{"Infectious and parasitic diseases":7803.45516882,"Respiratory Infectious ":1309.859547,"Maternal conditions":166.187854479,"Neonatal conditions":2560.70950504,"Nutritional deficiencies":18064.1414872}}