{"Afghanistan":4.750500163,"Albania":0.786042222,"Algeria":3.5676301312,"Angola":25.7534134915,"Antigua and Barbuda":2.5233992816,"Argentina":1.6643881631,"Armenia":1.4817844797,"Australia":0.7546529266,"Austria":0.7107732159,"Azerbaijan":1.944709766,"Bahamas":2.4772261799,"Bahrain":2.6464752118,"Bangladesh":5.4484975362,"Barbados":2.3197237812,"Belarus":1.2035063227,"Belgium":0.5766774232,"Belize":3.1063982122,"Benin":12.2313809804,"Bhutan":6.317375461,"Bolivia (Plurinational State of)":4.9901621997,"Bosnia and Herzegovina":0.7592792394,"Botswana":27.96495779,"Brazil":2.9244589157,"Brunei Darussalam":1.1360030297,"Bulgaria":0.7737138449,"Burkina Faso":12.3107357814,"Burundi":12.1954705012,"Cambodia":4.9308649244,"Cameroon":17.885623316,"Canada":0.6165676786,"Cape Verde":4.5372453921,"Central African Republic":24.0326384722,"Chad":14.5066605947,"Chile":1.2531132436,"China":2.4726527688,"Colombia":3.1075148934,"Comoros":12.087167529,"Congo":23.0382876643,"Costa Rica":2.3058479738,"C\u00f4te d'Ivoire":16.7638454291,"Croatia":0.6510758738,"Cuba":2.7448138275,"Cyprus":0.3751887714,"Czech Republic":0.7383437412,"Democratic People's Republic of Korea":1.829218511,"Democratic Republic of the Congo":42.1163447401,"Denmark":0.6129716976,"Djibouti":14.1077064634,"Dominican Republic":3.4722468765,"Ecuador":3.8004890954,"Egypt":3.6060595119,"El Salvador":2.3291811461,"Equatorial Guinea":17.9371618276,"Eritrea":13.6712171433,"Estonia":1.0552296094,"Ethiopia":14.9952351963,"Fiji":7.5880863148,"Finland":0.5075219497,"France":0.6492511394,"Gabon":27.2289888921,"Gambia":11.990349034,"Georgia":1.5048601667,"Germany":0.6341121906,"Ghana":12.0731324349,"Greece":0.4707305599,"Grenada":3.5626074638,"Guatemala":4.9079037018,"Guinea":16.1691630223,"Guinea-Bissau":14.9321803713,"Guyana":5.712482497,"Haiti":6.7263319558,"Honduras":4.1588197371,"Hungary":0.6796038926,"Iceland":0.5846829323,"India":5.9520607275,"Indonesia":6.494797877,"Iran (Islamic Republic of)":2.3178739367,"Iraq":2.9587871248,"Ireland":0.6231618087,"Israel":0.6345497816,"Italy":0.6485343104,"Jamaica":5.6313390264,"Japan":0.5836164435,"Jordan":2.5850321036,"Kazakhstan":2.4436159416,"Kenya":21.0951608115,"Kiribati":13.0881111222,"Kuwait":2.2653259909,"Kyrgyzstan":2.4588742172,"Lao People's Democratic Republic":5.4057705888,"Latvia":1.2597265411,"Lebanon":2.2449752618,"Lesotho":27.0217619853,"Liberia":27.7342372183,"Libyan Arab Jamahiriya":2.8826523961,"Lithuania":1.1042550804,"Luxembourg":0.5928249491,"Madagascar":15.2681866733,"Malawi":19.3803110435,"Malaysia":8.1127113963,"Maldives":2.4599737969,"Mali":12.9415018943,"Malta":0.5147819545,"Mauritania":8.1146888061,"Mauritius":1.7113920091,"Mexico":1.5814746767,"Micronesia (Federated States of)":3.5582681635,"Mongolia":2.6433496768,"Montenegro":0.7317870307,"Morocco":2.9123746204,"Mozambique":23.9257058233,"Myanmar":5.5612653605,"Namibia":18.0620651025,"Nepal":6.6491234937,"Netherlands":0.5453334183,"New Zealand":0.7060321064,"Nicaragua":2.4102705106,"Niger":9.0382395442,"Nigeria":17.2223057986,"Norway":0.5440683081,"Oman":3.144093512,"Pakistan":5.0975227284,"Panama":2.5908663389,"Papua New Guinea":14.9629745447,"Paraguay":2.7739972795,"Peru":3.7895273586,"Philippines":6.5582763512,"Poland":0.6842825781,"Portugal":1.424968963,"Qatar":3.1202597201,"Republic of Korea":1.0930462453,"Republic of Moldova":1.2998682957,"Romania":0.9076137758,"Russian Federation":1.9228547399,"Rwanda":12.9407566905,"Saint Lucia":3.2704622386,"Saint Vincent and the Grenadines":3.5203836902,"Samoa":3.2036087856,"Sao Tome and Principe":15.6824062243,"Saudi Arabia":2.2919206316,"Senegal":8.5206746212,"Serbia":0.6979550626,"Seychelles":4.1588478076,"Sierra Leone":15.38117403,"Singapore":0.6368393014,"Slovakia":0.7211077792,"Slovenia":0.6960245852,"Solomon Islands":6.6721348665,"Somalia":15.5390305491,"South Africa":23.065245007,"South Sudan":22.0271262071,"Spain":0.8214982087,"Sri Lanka":2.5461345193,"Sudan":8.0640498941,"Suriname":3.3049251454,"Swaziland":33.6192575671,"Sweden":0.5417983263,"Switzerland":0.6440703349,"Syrian Arab Republic":2.5601551846,"Tajikistan":2.59734229,"Thailand":4.3769264992,"The former Yugoslav Republic of Macedonia":0.7476512204,"Timor-Leste":5.3761199904,"Togo":12.3023102599,"Tonga":3.0870173306,"Trinidad and Tobago":2.8984342252,"Tunisia":2.2471966876,"Turkey":2.2268894918,"Turkmenistan":2.1861017049,"Uganda":16.9668657523,"Ukraine":1.8321946835,"United Arab Emirates":2.9657413131,"United Kingdom":0.7940958062,"United Republic of Tanzania":16.4075354286,"United States of America":0.8051248572,"Uruguay":0.8857350373,"Uzbekistan":1.9231852215,"Vanuatu":8.656382242,"Venezuela (Bolivarian Republic of)":4.0502740013,"Viet Nam":4.2329918501,"Yemen":4.9559459194,"Zambia":22.4657587301,"Zimbabwe":20.5412552134,"Unnamed: 190":null,"Andorra":null,"Cabo Verde":null,"Cook Islands":null,"Czechia":null,"Dominica":null,"Libya":null,"Marshall Islands":null,"Monaco":null,"Nauru":null,"Niue":null,"Palau":null,"Saint Kitts and Nevis":null,"San Marino":null,"The former Yugoslav republic of Macedonia":null,"Tuvalu":null,"United Kingdom of Great Britain and Northern Ireland":null,"Russia":1.9228547399,"Iran":2.3178739367,"Venezuela":4.0502740013,"Vietnam":4.2329918501}